[{"id":1,"src":"https://images.unsplash.com/photo-1706818033048-a580b4c11bf8?crop=entropy&cs=tinysrgb&fit=max&fm=jpg&ixid=MnwxfDB8MXxyYW5kb218MHx8fHx8fHx8MTcxNDk4NjkxMA&ixlib=rb-4.0.3&q=80&w=1080","title":"Title1","text":"Test1","visited_times":0},{"id":3,"src":"https://images.unsplash.com/photo-1707767819851-6b2e126a4c2d?crop=entropy&cs=tinysrgb&fit=max&fm=jpg&ixid=MnwxfDB8MXxyYW5kb218MHx8fHx8fHx8MTcxNDk4NjkzMw&ixlib=rb-4.0.3&q=80&w=1080","title":"Title3","text":"Test3","visited_times":0},{"id":5,"src":"https://images.unsplash.com/photo-1707879488134-75ef667944ff?crop=entropy&cs=tinysrgb&fit=max&fm=jpg&ixid=MnwxfDB8MXxyYW5kb218MHx8fHx8fHx8MTcxNDk4NjkzNA&ixlib=rb-4.0.3&q=80&w=1080","title":"Title5","text":"Test5","visited_times":0},{"id":7,"src":"https://images.unsplash.com/photo-1709228699013-6ba3235c65b8?crop=entropy&cs=tinysrgb&fit=max&fm=jpg&ixid=MnwxfDB8MXxyYW5kb218MHx8fHx8fHx8MTcxNDk4NjkzNQ&ixlib=rb-4.0.3&q=80&w=1080","title":"Title7","text":"Test7","visited_times":0},{"id":9,"src":"https://images.unsplash.com/photo-1708718267783-a8a569a99b7f?crop=entropy&cs=tinysrgb&fit=max&fm=jpg&ixid=MnwxfDB8MXxyYW5kb218MHx8fHx8fHx8MTcxNDk4Njk0MQ&ixlib=rb-4.0.3&q=80&w=1080","title":"Title9","text":"Test9","visited_times":0},{"id":11,"src":"https://images.unsplash.com/photo-1708169525840-69941a276496?crop=entropy&cs=tinysrgb&fit=max&fm=jpg&ixid=MnwxfDB8MXxyYW5kb218MHx8fHx8fHx8MTcxNDk4NzA2Mg&ixlib=rb-4.0.3&q=80&w=1080","title":"Title11","text":"Test11","visited_times":0},{"id":13,"src":"https://images.unsplash.com/photo-1708660758299-40bdc5b87f98?crop=entropy&cs=tinysrgb&fit=max&fm=jpg&ixid=MnwxfDB8MXxyYW5kb218MHx8fHx8fHx8MTcxNDk4NzEwMQ&ixlib=rb-4.0.3&q=80&w=1080","title":"Title13","text":"Test13","visited_times":0},{"id":15,"src":"https://images.unsplash.com/photo-1707418838325-d035de0e72d9?crop=entropy&cs=tinysrgb&fit=max&fm=jpg&ixid=MnwxfDB8MXxyYW5kb218MHx8fHx8fHx8MTcxNDk4NzIyOQ&ixlib=rb-4.0.3&q=80&w=1080","title":"Title15","text":"Test15","visited_times":0},{"id":17,"src":"https://images.unsplash.com/photo-1709891213451-95ae9e5b5312?crop=entropy&cs=tinysrgb&fit=max&fm=jpg&ixid=MnwxfDB8MXxyYW5kb218MHx8fHx8fHx8MTcxNDk4NzI5MQ&ixlib=rb-4.0.3&q=80&w=1080","title":"Title17","text":"Test17","visited_times":0},{"id":19,"src":"https://images.unsplash.com/photo-1707494102150-3f7c7ca7d2b9?crop=entropy&cs=tinysrgb&fit=max&fm=jpg&ixid=MnwxfDB8MXxyYW5kb218MHx8fHx8fHx8MTcxNDk4NzM2Nw&ixlib=rb-4.0.3&q=80&w=1080","title":"Title19","text":"Test19","visited_times":0},{"id":21,"src":"https://images.unsplash.com/photo-1709290608385-e6b029804f9d?crop=entropy&cs=tinysrgb&fit=max&fm=jpg&ixid=MnwxfDB8MXxyYW5kb218MHx8fHx8fHx8MTcxNDk4NzM4Mw&ixlib=rb-4.0.3&q=80&w=1080","title":"Title21","text":"Test21","visited_times":0}]